,Country,Province,City,AllOrToday,confirm,suspect,dead,heal
0,中国,,,All,17238,0,361,485
1,中国,,,Today,2751,0,57,64
2,中国,湖北,,All,11177,0,350,295
3,中国,湖北,,Today,2103,0,56,26
4,中国,湖北,武汉,All,5142,0,265,181
5,中国,湖北,武汉,Today,1033,0,41,0
6,中国,湖北,黄冈,All,1246,0,17,27
7,中国,湖北,黄冈,Today,244,0,2,0
8,中国,湖北,孝感,All,918,0,14,2
9,中国,湖北,孝感,Today,169,0,0,0
10,中国,湖北,襄阳,All,548,0,0,0
11,中国,湖北,襄阳,Today,107,0,0,0
12,中国,湖北,荆州,All,499,0,6,1
13,中国,湖北,荆州,Today,166,0,2,0
14,中国,湖北,随州,All,458,0,5,3
15,中国,湖北,随州,Today,74,0,2,0
16,中国,湖北,宜昌,All,392,0,1,0
17,中国,湖北,宜昌,Today,39,0,0,0
18,中国,湖北,荆门,All,345,0,11,3
19,中国,湖北,荆门,Today,16,0,4,0
20,中国,湖北,黄石,All,334,0,2,8
21,中国,湖北,黄石,Today,82,0,0,0
22,中国,湖北,鄂州,All,306,0,15,0
23,中国,湖北,鄂州,Today,28,0,2,0
24,中国,湖北,咸宁,All,296,0,0,1
25,中国,湖北,咸宁,Today,50,0,0,0
26,中国,湖北,十堰,All,256,0,0,1
27,中国,湖北,十堰,Today,44,0,0,0
28,中国,湖北,仙桃,All,169,0,3,0
29,中国,湖北,仙桃,Today,29,0,0,0
30,中国,湖北,天门,All,115,0,10,0
31,中国,湖北,天门,Today,16,0,3,0
32,中国,湖北,恩施州,All,111,0,0,4
33,中国,湖北,恩施州,Today,6,0,0,0
34,中国,湖北,潜江,All,35,0,1,0
35,中国,湖北,潜江,Today,0,0,0,0
36,中国,湖北,神农架,All,7,0,0,2
37,中国,湖北,神农架,Today,0,0,0,0
38,中国,湖北,地区待确认,All,0,0,0,62
39,中国,湖北,地区待确认,Today,0,0,0,26
40,中国,浙江,,All,724,0,0,40
41,中国,浙江,,Today,63,0,0,17
42,中国,浙江,温州,All,291,0,0,16
43,中国,浙江,温州,Today,26,0,0,6
44,中国,浙江,杭州,All,118,0,0,2
45,中国,浙江,杭州,Today,8,0,0,0
46,中国,浙江,台州,All,109,0,0,10
47,中国,浙江,台州,Today,9,0,0,6
48,中国,浙江,宁波,All,75,0,0,1
49,中国,浙江,宁波,Today,9,0,0,0
50,中国,浙江,金华,All,36,0,0,6
51,中国,浙江,金华,Today,2,0,0,3
52,中国,浙江,绍兴,All,30,0,0,2
53,中国,浙江,绍兴,Today,3,0,0,1
54,中国,浙江,嘉兴,All,19,0,0,0
55,中国,浙江,嘉兴,Today,0,0,0,0
56,中国,浙江,丽水,All,16,0,0,1
57,中国,浙江,丽水,Today,2,0,0,0
58,中国,浙江,衢州,All,14,0,0,0
59,中国,浙江,衢州,Today,1,0,0,0
60,中国,浙江,湖州,All,9,0,0,0
61,中国,浙江,湖州,Today,3,0,0,0
62,中国,浙江,舟山,All,7,0,0,2
63,中国,浙江,舟山,Today,0,0,0,1
64,中国,广东,,All,683,0,0,14
65,中国,广东,,Today,51,0,0,2
66,中国,广东,深圳,All,226,0,0,5
67,中国,广东,深圳,Today,19,0,0,0
68,中国,广东,广州,All,189,0,0,1
69,中国,广东,广州,Today,10,0,0,0
70,中国,广东,珠海,All,51,0,0,1
71,中国,广东,珠海,Today,4,0,0,0
72,中国,广东,佛山,All,43,0,0,1
73,中国,广东,佛山,Today,0,0,0,0
74,中国,广东,东莞,All,31,0,0,0
75,中国,广东,东莞,Today,4,0,0,0
76,中国,广东,惠州,All,28,0,0,1
77,中国,广东,惠州,Today,5,0,0,0
78,中国,广东,中山,All,25,0,0,0
79,中国,广东,中山,Today,4,0,0,0
80,中国,广东,汕头,All,17,0,0,0
81,中国,广东,汕头,Today,2,0,0,0
82,中国,广东,湛江,All,14,0,0,1
83,中国,广东,湛江,Today,0,0,0,0
84,中国,广东,阳江,All,10,0,0,0
85,中国,广东,阳江,Today,0,0,0,0
86,中国,广东,梅州,All,7,0,0,0
87,中国,广东,梅州,Today,0,0,0,0
88,中国,广东,肇庆,All,7,0,0,1
89,中国,广东,肇庆,Today,0,0,0,0
90,中国,广东,揭阳,All,6,0,0,0
91,中国,广东,揭阳,Today,0,0,0,0
92,中国,广东,清远,All,6,0,0,1
93,中国,广东,清远,Today,0,0,0,0
94,中国,广东,汕尾,All,5,0,0,0
95,中国,广东,汕尾,Today,1,0,0,0
96,中国,广东,韶关,All,5,0,0,0
97,中国,广东,韶关,Today,0,0,0,0
98,中国,广东,茂名,All,4,0,0,0
99,中国,广东,茂名,Today,1,0,0,0
100,中国,广东,江门,All,4,0,0,0
101,中国,广东,江门,Today,1,0,0,0
102,中国,广东,潮州,All,4,0,0,0
103,中国,广东,潮州,Today,0,0,0,0
104,中国,广东,河源,All,1,0,0,0
105,中国,广东,河源,Today,0,0,0,0
106,中国,广东,地区待确认,All,0,0,0,2
107,中国,广东,地区待确认,Today,0,0,0,2
108,中国,河南,,All,566,0,2,14
109,中国,河南,,Today,73,0,0,5
110,中国,河南,信阳,All,99,0,0,4
111,中国,河南,信阳,Today,11,0,0,0
112,中国,河南,南阳,All,84,0,2,1
113,中国,河南,南阳,Today,8,0,0,0
114,中国,河南,郑州,All,72,0,0,2
115,中国,河南,郑州,Today,7,0,0,1
116,中国,河南,驻马店,All,58,0,0,0
117,中国,河南,驻马店,Today,12,0,0,0
118,中国,河南,周口,All,47,0,0,1
119,中国,河南,周口,Today,7,0,0,0
120,中国,河南,商丘,All,41,0,0,0
121,中国,河南,商丘,Today,5,0,0,0
122,中国,河南,安阳,All,28,0,0,0
123,中国,河南,安阳,Today,4,0,0,0
124,中国,河南,新乡,All,25,0,0,0
125,中国,河南,新乡,Today,4,0,0,0
126,中国,河南,漯河,All,20,0,0,0
127,中国,河南,漯河,Today,4,0,0,0
128,中国,河南,平顶山,All,19,0,0,0
129,中国,河南,平顶山,Today,5,0,0,0
130,中国,河南,许昌,All,15,0,0,0
131,中国,河南,许昌,Today,2,0,0,0
132,中国,河南,开封,All,11,0,0,0
133,中国,河南,开封,Today,0,0,0,0
134,中国,河南,永城,All,9,0,0,0
135,中国,河南,永城,Today,1,0,0,0
136,中国,河南,鹤壁,All,8,0,0,0
137,中国,河南,鹤壁,Today,0,0,0,0
138,中国,河南,焦作,All,8,0,0,0
139,中国,河南,焦作,Today,1,0,0,0
140,中国,河南,洛阳,All,7,0,0,0
141,中国,河南,洛阳,Today,0,0,0,0
142,中国,河南,三门峡,All,7,0,0,0
143,中国,河南,三门峡,Today,0,0,0,0
144,中国,河南,濮阳,All,3,0,0,0
145,中国,河南,濮阳,Today,0,0,0,0
146,中国,河南,长垣,All,2,0,0,0
147,中国,河南,长垣,Today,0,0,0,0
148,中国,河南,济源示范区,All,2,0,0,0
149,中国,河南,济源示范区,Today,2,0,0,0
150,中国,河南,滑县,All,1,0,0,0
151,中国,河南,滑县,Today,0,0,0,0
152,中国,河南,地区待确认,All,0,0,0,6
153,中国,河南,地区待确认,Today,0,0,0,4
154,中国,湖南,,All,521,0,0,16
155,中国,湖南,,Today,58,0,0,0
156,中国,湖南,长沙,All,125,0,0,2
157,中国,湖南,长沙,Today,13,0,0,0
158,中国,湖南,岳阳,All,70,0,0,0
159,中国,湖南,岳阳,Today,17,0,0,0
160,中国,湖南,邵阳,All,51,0,0,1
161,中国,湖南,邵阳,Today,2,0,0,0
162,中国,湖南,常德,All,45,0,0,0
163,中国,湖南,常德,Today,3,0,0,0
164,中国,湖南,娄底,All,35,0,0,1
165,中国,湖南,娄底,Today,6,0,0,0
166,中国,湖南,怀化,All,32,0,0,1
167,中国,湖南,怀化,Today,1,0,0,0
168,中国,湖南,衡阳,All,32,0,0,3
169,中国,湖南,衡阳,Today,2,0,0,0
170,中国,湖南,益阳,All,30,0,0,0
171,中国,湖南,益阳,Today,3,0,0,0
172,中国,湖南,永州,All,26,0,0,2
173,中国,湖南,永州,Today,4,0,0,0
174,中国,湖南,株洲,All,26,0,0,1
175,中国,湖南,株洲,Today,1,0,0,0
176,中国,湖南,郴州,All,21,0,0,1
177,中国,湖南,郴州,Today,3,0,0,0
178,中国,湖南,湘潭,All,19,0,0,3
179,中国,湖南,湘潭,Today,3,0,0,0
180,中国,湖南,湘西自治州,All,6,0,0,1
181,中国,湖南,湘西自治州,Today,0,0,0,0
182,中国,湖南,张家界,All,3,0,0,0
183,中国,湖南,张家界,Today,0,0,0,0
184,中国,安徽,,All,408,0,0,8
185,中国,安徽,,Today,68,0,0,1
186,中国,安徽,合肥,All,75,0,0,3
187,中国,安徽,合肥,Today,16,0,0,1
188,中国,安徽,阜阳,All,65,0,0,0
189,中国,安徽,阜阳,Today,6,0,0,0
190,中国,安徽,安庆,All,47,0,0,0
191,中国,安徽,安庆,Today,4,0,0,0
192,中国,安徽,亳州,All,39,0,0,2
193,中国,安徽,亳州,Today,9,0,0,0
194,中国,安徽,蚌埠,All,37,0,0,0
195,中国,安徽,蚌埠,Today,11,0,0,0
196,中国,安徽,马鞍山,All,28,0,0,0
197,中国,安徽,马鞍山,Today,1,0,0,0
198,中国,安徽,宿州,All,21,0,0,0
199,中国,安徽,宿州,Today,7,0,0,0
200,中国,安徽,六安,All,20,0,0,1
201,中国,安徽,六安,Today,7,0,0,0
202,中国,安徽,铜陵,All,18,0,0,0
203,中国,安徽,铜陵,Today,2,0,0,0
204,中国,安徽,芜湖,All,16,0,0,1
205,中国,安徽,芜湖,Today,0,0,0,0
206,中国,安徽,黄山,All,9,0,0,0
207,中国,安徽,黄山,Today,0,0,0,0
208,中国,安徽,滁州,All,8,0,0,0
209,中国,安徽,滁州,Today,2,0,0,0
210,中国,安徽,淮北,All,8,0,0,0
211,中国,安徽,淮北,Today,2,0,0,0
212,中国,安徽,淮南,All,7,0,0,0
213,中国,安徽,淮南,Today,1,0,0,0
214,中国,安徽,池州,All,6,0,0,0
215,中国,安徽,池州,Today,0,0,0,0
216,中国,安徽,宣城,All,4,0,0,1
217,中国,安徽,宣城,Today,0,0,0,0
218,中国,江西,,All,391,0,0,18
219,中国,江西,,Today,59,0,0,6
220,中国,江西,南昌,All,103,0,0,4
221,中国,江西,南昌,Today,14,0,0,3
222,中国,江西,九江,All,64,0,0,2
223,中国,江西,九江,Today,9,0,0,0
224,中国,江西,新余,All,50,0,0,3
225,中国,江西,新余,Today,7,0,0,0
226,中国,江西,宜春,All,36,0,0,1
227,中国,江西,宜春,Today,5,0,0,0
228,中国,江西,赣州,All,35,0,0,1
229,中国,江西,赣州,Today,2,0,0,0
230,中国,江西,上饶,All,32,0,0,4
231,中国,江西,上饶,Today,13,0,0,3
232,中国,江西,抚州,All,29,0,0,0
233,中国,江西,抚州,Today,5,0,0,0
234,中国,江西,萍乡,All,18,0,0,1
235,中国,江西,萍乡,Today,3,0,0,0
236,中国,江西,吉安,All,13,0,0,1
237,中国,江西,吉安,Today,1,0,0,0
238,中国,江西,鹰潭,All,8,0,0,0
239,中国,江西,鹰潭,Today,0,0,0,0
240,中国,江西,景德镇,All,3,0,0,1
241,中国,江西,景德镇,Today,0,0,0,0
242,中国,重庆,,All,300,0,2,8
243,中国,重庆,,Today,25,0,1,1
244,中国,重庆,万州区,All,49,0,1,0
245,中国,重庆,万州区,Today,5,0,1,0
246,中国,重庆,云阳县,All,18,0,0,1
247,中国,重庆,云阳县,Today,0,0,0,0
248,中国,重庆,开州区,All,17,0,0,0
249,中国,重庆,开州区,Today,1,0,0,0
250,中国,重庆,江北区,All,16,0,0,0
251,中国,重庆,江北区,Today,3,0,0,0
252,中国,重庆,忠县,All,15,0,0,0
253,中国,重庆,忠县,Today,0,0,0,0
254,中国,重庆,九龙坡区,All,13,0,1,0
255,中国,重庆,九龙坡区,Today,2,0,0,0
256,中国,重庆,垫江县,All,12,0,0,1
257,中国,重庆,垫江县,Today,0,0,0,1
258,中国,重庆,渝北区,All,12,0,0,0
259,中国,重庆,渝北区,Today,0,0,0,0
260,中国,重庆,两江新区,All,12,0,0,0
261,中国,重庆,两江新区,Today,0,0,0,0
262,中国,重庆,长寿区,All,11,0,0,0
263,中国,重庆,长寿区,Today,0,0,0,0
264,中国,重庆,巫溪县,All,11,0,0,0
265,中国,重庆,巫溪县,Today,0,0,0,0
266,中国,重庆,石柱县,All,10,0,0,0
267,中国,重庆,石柱县,Today,0,0,0,0
268,中国,重庆,合川区,All,9,0,0,0
269,中国,重庆,合川区,Today,0,0,0,0
270,中国,重庆,渝中区,All,9,0,0,0
271,中国,重庆,渝中区,Today,0,0,0,0
272,中国,重庆,奉节县,All,9,0,0,0
273,中国,重庆,奉节县,Today,1,0,0,0
274,中国,重庆,璧山区,All,8,0,0,0
275,中国,重庆,璧山区,Today,0,0,0,0
276,中国,重庆,铜梁区,All,7,0,0,0
277,中国,重庆,铜梁区,Today,3,0,0,0
278,中国,重庆,巫山县,All,7,0,0,3
279,中国,重庆,巫山县,Today,1,0,0,0
280,中国,重庆,南岸区,All,6,0,0,0
281,中国,重庆,南岸区,Today,2,0,0,0
282,中国,重庆,大渡口区,All,6,0,0,0
283,中国,重庆,大渡口区,Today,0,0,0,0
284,中国,重庆,丰都县,All,5,0,0,1
285,中国,重庆,丰都县,Today,0,0,0,0
286,中国,重庆,大足区,All,5,0,0,0
287,中国,重庆,大足区,Today,1,0,0,0
288,中国,重庆,綦江区,All,5,0,0,0
289,中国,重庆,綦江区,Today,1,0,0,0
290,中国,重庆,荣昌区,All,4,0,0,0
291,中国,重庆,荣昌区,Today,1,0,0,0
292,中国,重庆,梁平区,All,3,0,0,0
293,中国,重庆,梁平区,Today,0,0,0,0
294,中国,重庆,江津区,All,3,0,0,0
295,中国,重庆,江津区,Today,0,0,0,0
296,中国,重庆,潼南区,All,3,0,0,0
297,中国,重庆,潼南区,Today,1,0,0,0
298,中国,重庆,永川区,All,3,0,0,1
299,中国,重庆,永川区,Today,0,0,0,0
300,中国,重庆,涪陵区,All,2,0,0,0
301,中国,重庆,涪陵区,Today,1,0,0,0
302,中国,重庆,巴南区,All,2,0,0,0
303,中国,重庆,巴南区,Today,1,0,0,0
304,中国,重庆,黔江区,All,2,0,0,0
305,中国,重庆,黔江区,Today,0,0,0,0
306,中国,重庆,沙坪坝区,All,2,0,0,0
307,中国,重庆,沙坪坝区,Today,0,0,0,0
308,中国,重庆,秀山县,All,1,0,0,1
309,中国,重庆,秀山县,Today,0,0,0,0
310,中国,重庆,城口县,All,1,0,0,0
311,中国,重庆,城口县,Today,0,0,0,0
312,中国,重庆,武隆区,All,1,0,0,0
313,中国,重庆,武隆区,Today,0,0,0,0
314,中国,重庆,高新区,All,1,0,0,0
315,中国,重庆,高新区,Today,1,0,0,0
316,中国,江苏,,All,271,0,0,7
317,中国,江苏,,Today,35,0,0,0
318,中国,江苏,苏州,All,44,0,0,3
319,中国,江苏,苏州,Today,6,0,0,0
320,中国,江苏,南京,All,40,0,0,2
321,中国,江苏,南京,Today,5,0,0,0
322,中国,江苏,徐州,All,36,0,0,0
323,中国,江苏,徐州,Today,6,0,0,0
324,中国,江苏,无锡,All,23,0,0,0
325,中国,江苏,无锡,Today,4,0,0,0
326,中国,江苏,泰州,All,21,0,0,0
327,中国,江苏,泰州,Today,4,0,0,0
328,中国,江苏,南通,All,19,0,0,0
329,中国,江苏,南通,Today,2,0,0,0
330,中国,江苏,淮安,All,18,0,0,1
331,中国,江苏,淮安,Today,5,0,0,0
332,中国,江苏,常州,All,15,0,0,0
333,中国,江苏,常州,Today,0,0,0,0
334,中国,江苏,盐城,All,15,0,0,0
335,中国,江苏,盐城,Today,0,0,0,0
336,中国,江苏,连云港,All,14,0,0,1
337,中国,江苏,连云港,Today,1,0,0,0
338,中国,江苏,扬州,All,14,0,0,0
339,中国,江苏,扬州,Today,1,0,0,0
340,中国,江苏,宿迁,All,9,0,0,0
341,中国,江苏,宿迁,Today,1,0,0,0
342,中国,江苏,镇江,All,3,0,0,0
343,中国,江苏,镇江,Today,0,0,0,0
344,中国,四川,,All,254,0,1,13
345,中国,四川,,Today,23,0,0,2
346,中国,四川,成都,All,77,0,1,9
347,中国,四川,成都,Today,4,0,0,0
348,中国,四川,南充,All,26,0,0,0
349,中国,四川,南充,Today,3,0,0,0
350,中国,四川,广安,All,21,0,0,1
351,中国,四川,广安,Today,1,0,0,0
352,中国,四川,绵阳,All,17,0,0,1
353,中国,四川,绵阳,Today,3,0,0,0
354,中国,四川,内江,All,12,0,0,0
355,中国,四川,内江,Today,1,0,0,0
356,中国,四川,巴中,All,12,0,0,0
357,中国,四川,巴中,Today,4,0,0,0
358,中国,四川,达州,All,11,0,0,0
359,中国,四川,达州,Today,2,0,0,0
360,中国,四川,德阳,All,10,0,0,0
361,中国,四川,德阳,Today,0,0,0,0
362,中国,四川,攀枝花,All,10,0,0,0
363,中国,四川,攀枝花,Today,1,0,0,0
364,中国,四川,自贡,All,9,0,0,0
365,中国,四川,自贡,Today,0,0,0,0
366,中国,四川,泸州,All,7,0,0,0
367,中国,四川,泸州,Today,1,0,0,0
368,中国,四川,宜宾,All,7,0,0,0
369,中国,四川,宜宾,Today,0,0,0,0
370,中国,四川,甘孜,All,6,0,0,0
371,中国,四川,甘孜,Today,1,0,0,0
372,中国,四川,凉山,All,6,0,0,0
373,中国,四川,凉山,Today,1,0,0,0
374,中国,四川,遂宁,All,5,0,0,1
375,中国,四川,遂宁,Today,0,0,0,1
376,中国,四川,雅安,All,5,0,0,0
377,中国,四川,雅安,Today,0,0,0,0
378,中国,四川,广元,All,5,0,0,0
379,中国,四川,广元,Today,0,0,0,0
380,中国,四川,眉山,All,3,0,0,0
381,中国,四川,眉山,Today,1,0,0,0
382,中国,四川,乐山,All,2,0,0,0
383,中国,四川,乐山,Today,0,0,0,0
384,中国,四川,资阳,All,2,0,0,0
385,中国,四川,资阳,Today,0,0,0,0
386,中国,四川,阿坝州,All,1,0,0,0
387,中国,四川,阿坝州,Today,0,0,0,0
388,中国,四川,地区待确认,All,0,0,0,1
389,中国,四川,地区待确认,Today,0,0,0,1
390,中国,山东,,All,246,0,0,6
391,中国,山东,,Today,16,0,0,1
392,中国,山东,青岛,All,25,0,0,1
393,中国,山东,青岛,Today,1,0,0,0
394,中国,山东,威海,All,25,0,0,2
395,中国,山东,威海,Today,1,0,0,0
396,中国,山东,临沂,All,24,0,0,0
397,中国,山东,临沂,Today,0,0,0,0
398,中国,山东,济南,All,22,0,0,0
399,中国,山东,济南,Today,3,0,0,0
400,中国,山东,烟台,All,22,0,0,0
401,中国,山东,烟台,Today,2,0,0,0
402,中国,山东,德州,All,19,0,0,1
403,中国,山东,德州,Today,0,0,0,0
404,中国,山东,济宁,All,18,0,0,1
405,中国,山东,济宁,Today,4,0,0,0
406,中国,山东,枣庄,All,15,0,0,0
407,中国,山东,枣庄,Today,0,0,0,0
408,中国,山东,潍坊,All,13,0,0,0
409,中国,山东,潍坊,Today,2,0,0,0
410,中国,山东,日照,All,12,0,0,0
411,中国,山东,日照,Today,1,0,0,0
412,中国,山东,淄博,All,12,0,0,0
413,中国,山东,淄博,Today,0,0,0,0
414,中国,山东,泰安,All,11,0,0,1
415,中国,山东,泰安,Today,2,0,0,1
416,中国,山东,滨州,All,10,0,0,0
417,中国,山东,滨州,Today,0,0,0,0
418,中国,山东,聊城,All,9,0,0,0
419,中国,山东,聊城,Today,0,0,0,0
420,中国,山东,菏泽,All,9,0,0,0
421,中国,山东,菏泽,Today,0,0,0,0
422,中国,上海,,All,203,0,1,10
423,中国,上海,,Today,21,0,0,0
424,中国,上海,外地来沪,All,79,0,0,5
425,中国,上海,外地来沪,Today,5,0,0,0
426,中国,上海,浦东,All,40,0,0,0
427,中国,上海,浦东,Today,5,0,0,0
428,中国,上海,闵行,All,10,0,0,0
429,中国,上海,闵行,Today,1,0,0,0
430,中国,上海,宝山,All,10,0,0,0
431,中国,上海,宝山,Today,2,0,0,0
432,中国,上海,静安,All,9,0,0,0
433,中国,上海,静安,Today,0,0,0,0
434,中国,上海,徐汇,All,9,0,0,0
435,中国,上海,徐汇,Today,2,0,0,0
436,中国,上海,长宁,All,8,0,0,0
437,中国,上海,长宁,Today,1,0,0,0
438,中国,上海,松江,All,7,0,0,0
439,中国,上海,松江,Today,0,0,0,0
440,中国,上海,普陀,All,6,0,0,0
441,中国,上海,普陀,Today,3,0,0,0
442,中国,上海,虹口,All,5,0,0,0
443,中国,上海,虹口,Today,0,0,0,0
444,中国,上海,奉贤,All,5,0,0,0
445,中国,上海,奉贤,Today,0,0,0,0
446,中国,上海,黄浦,All,5,0,0,0
447,中国,上海,黄浦,Today,0,0,0,0
448,中国,上海,杨浦,All,4,0,0,0
449,中国,上海,杨浦,Today,2,0,0,0
450,中国,上海,青浦,All,2,0,0,0
451,中国,上海,青浦,Today,0,0,0,0
452,中国,上海,嘉定,All,2,0,0,0
453,中国,上海,嘉定,Today,0,0,0,0
454,中国,上海,金山,All,1,0,0,0
455,中国,上海,金山,Today,0,0,0,0
456,中国,上海,崇明,All,1,0,0,0
457,中国,上海,崇明,Today,0,0,0,0
458,中国,上海,地区待确认,All,0,0,1,5
459,中国,上海,地区待确认,Today,0,0,0,0
460,中国,北京,,All,191,0,1,9
461,中国,北京,,Today,0,0,0,0
462,中国,北京,海淀,All,41,0,0,0
463,中国,北京,海淀,Today,0,0,0,0
464,中国,北京,朝阳,All,35,0,0,0
465,中国,北京,朝阳,Today,0,0,0,0
466,中国,北京,西城,All,22,0,0,0
467,中国,北京,西城,Today,0,0,0,0
468,中国,北京,大兴,All,22,0,0,2
469,中国,北京,大兴,Today,0,0,0,0
470,中国,北京,丰台,All,16,0,0,0
471,中国,北京,丰台,Today,0,0,0,0
472,中国,北京,通州,All,13,0,0,0
473,中国,北京,通州,Today,0,0,0,0
474,中国,北京,昌平,All,12,0,0,0
475,中国,北京,昌平,Today,0,0,0,0
476,中国,北京,外地来京,All,11,0,0,2
477,中国,北京,外地来京,Today,0,0,0,0
478,中国,北京,顺义,All,6,0,0,0
479,中国,北京,顺义,Today,0,0,0,0
480,中国,北京,石景山,All,5,0,0,0
481,中国,北京,石景山,Today,0,0,0,0
482,中国,北京,东城,All,3,0,0,0
483,中国,北京,东城,Today,0,0,0,0
484,中国,北京,门头沟,All,2,0,0,0
485,中国,北京,门头沟,Today,0,0,0,0
486,中国,北京,房山,All,2,0,0,0
487,中国,北京,房山,Today,0,0,0,0
488,中国,北京,怀柔,All,1,0,0,0
489,中国,北京,怀柔,Today,0,0,0,0
490,中国,北京,地区待确认,All,0,0,1,5
491,中国,北京,地区待确认,Today,0,0,0,0
492,中国,福建,,All,179,0,0,0
493,中国,福建,,Today,20,0,0,0
494,中国,福建,福州,All,47,0,0,0
495,中国,福建,福州,Today,3,0,0,0
496,中国,福建,莆田,All,34,0,0,0
497,中国,福建,莆田,Today,7,0,0,0
498,中国,福建,泉州,All,31,0,0,0
499,中国,福建,泉州,Today,2,0,0,0
500,中国,福建,厦门,All,19,0,0,0
501,中国,福建,厦门,Today,1,0,0,0
502,中国,福建,漳州,All,13,0,0,0
503,中国,福建,漳州,Today,1,0,0,0
504,中国,福建,宁德,All,12,0,0,0
505,中国,福建,宁德,Today,3,0,0,0
506,中国,福建,三明,All,11,0,0,0
507,中国,福建,三明,Today,0,0,0,0
508,中国,福建,南平,All,11,0,0,0
509,中国,福建,南平,Today,3,0,0,0
510,中国,福建,龙岩,All,1,0,0,0
511,中国,福建,龙岩,Today,0,0,0,0
512,中国,陕西,,All,128,0,0,0
513,中国,陕西,,Today,12,0,0,0
514,中国,陕西,西安,All,55,0,0,0
515,中国,陕西,西安,Today,8,0,0,0
516,中国,陕西,安康,All,17,0,0,0
517,中国,陕西,安康,Today,1,0,0,0
518,中国,陕西,汉中,All,15,0,0,0
519,中国,陕西,汉中,Today,0,0,0,0
520,中国,陕西,咸阳,All,9,0,0,0
521,中国,陕西,咸阳,Today,0,0,0,0
522,中国,陕西,宝鸡,All,8,0,0,0
523,中国,陕西,宝鸡,Today,1,0,0,0
524,中国,陕西,铜川,All,7,0,0,0
525,中国,陕西,铜川,Today,1,0,0,0
526,中国,陕西,延安,All,7,0,0,0
527,中国,陕西,延安,Today,0,0,0,0
528,中国,陕西,渭南,All,6,0,0,0
529,中国,陕西,渭南,Today,1,0,0,0
530,中国,陕西,商洛,All,2,0,0,0
531,中国,陕西,商洛,Today,0,0,0,0
532,中国,陕西,榆林,All,1,0,0,0
533,中国,陕西,榆林,Today,0,0,0,0
534,中国,陕西,韩城,All,1,0,0,0
535,中国,陕西,韩城,Today,0,0,0,0
536,中国,广西,,All,127,0,0,3
537,中国,广西,,Today,16,0,0,1
538,中国,广西,北海,All,26,0,0,0
539,中国,广西,北海,Today,3,0,0,0
540,中国,广西,桂林,All,24,0,0,0
541,中国,广西,桂林,Today,1,0,0,0
542,中国,广西,南宁,All,22,0,0,0
543,中国,广西,南宁,Today,6,0,0,0
544,中国,广西,柳州,All,14,0,0,0
545,中国,广西,柳州,Today,2,0,0,0
546,中国,广西,防城港,All,9,0,0,1
547,中国,广西,防城港,Today,1,0,0,0
548,中国,广西,玉林,All,8,0,0,0
549,中国,广西,玉林,Today,1,0,0,0
550,中国,广西,河池,All,6,0,0,0
551,中国,广西,河池,Today,0,0,0,0
552,中国,广西,梧州,All,5,0,0,2
553,中国,广西,梧州,Today,0,0,0,1
554,中国,广西,贵港,All,5,0,0,0
555,中国,广西,贵港,Today,1,0,0,0
556,中国,广西,贺州,All,4,0,0,0
557,中国,广西,贺州,Today,1,0,0,0
558,中国,广西,百色,All,2,0,0,0
559,中国,广西,百色,Today,0,0,0,0
560,中国,广西,钦州,All,2,0,0,0
561,中国,广西,钦州,Today,0,0,0,0
562,中国,黑龙江,,All,118,0,2,2
563,中国,黑龙江,,Today,23,0,0,0
564,中国,黑龙江,哈尔滨,All,45,0,0,2
565,中国,黑龙江,哈尔滨,Today,11,0,0,0
566,中国,黑龙江,绥化,All,16,0,2,0
567,中国,黑龙江,绥化,Today,2,0,0,0
568,中国,黑龙江,大庆,All,11,0,0,0
569,中国,黑龙江,大庆,Today,3,0,0,0
570,中国,黑龙江,佳木斯,All,11,0,0,0
571,中国,黑龙江,佳木斯,Today,0,0,0,0
572,中国,黑龙江,牡丹江,All,8,0,0,0
573,中国,黑龙江,牡丹江,Today,1,0,0,0
574,中国,黑龙江,双鸭山,All,7,0,0,0
575,中国,黑龙江,双鸭山,Today,3,0,0,0
576,中国,黑龙江,七台河,All,7,0,0,0
577,中国,黑龙江,七台河,Today,1,0,0,0
578,中国,黑龙江,鸡西,All,6,0,0,0
579,中国,黑龙江,鸡西,Today,2,0,0,0
580,中国,黑龙江,齐齐哈尔,All,3,0,0,0
581,中国,黑龙江,齐齐哈尔,Today,0,0,0,0
582,中国,黑龙江,大兴安岭,All,2,0,0,0
583,中国,黑龙江,大兴安岭,Today,0,0,0,0
584,中国,黑龙江,鹤岗,All,1,0,0,0
585,中国,黑龙江,鹤岗,Today,0,0,0,0
586,中国,黑龙江,黑河,All,1,0,0,0
587,中国,黑龙江,黑河,Today,0,0,0,0
588,中国,河北,,All,113,0,1,3
589,中国,河北,,Today,9,0,0,0
590,中国,河北,沧州,All,19,0,1,0
591,中国,河北,沧州,Today,0,0,0,0
592,中国,河北,石家庄,All,16,0,0,0
593,中国,河北,石家庄,Today,3,0,0,0
594,中国,河北,邢台,All,14,0,0,0
595,中国,河北,邢台,Today,4,0,0,0
596,中国,河北,保定,All,13,0,0,2
597,中国,河北,保定,Today,0,0,0,0
598,中国,河北,廊坊,All,12,0,0,1
599,中国,河北,廊坊,Today,1,0,0,0
600,中国,河北,邯郸,All,11,0,0,0
601,中国,河北,邯郸,Today,0,0,0,0
602,中国,河北,唐山,All,11,0,0,0
603,中国,河北,唐山,Today,0,0,0,0
604,中国,河北,张家口,All,9,0,0,0
605,中国,河北,张家口,Today,0,0,0,0
606,中国,河北,衡水,All,4,0,0,0
607,中国,河北,衡水,Today,0,0,0,0
608,中国,河北,承德,All,2,0,0,0
609,中国,河北,承德,Today,0,0,0,0
610,中国,河北,秦皇岛,All,2,0,0,0
611,中国,河北,秦皇岛,Today,1,0,0,0
612,中国,云南,,All,109,0,0,4
613,中国,云南,,Today,4,0,0,1
614,中国,云南,昆明,All,32,0,0,0
615,中国,云南,昆明,Today,1,0,0,0
616,中国,云南,西双版纳州,All,13,0,0,0
617,中国,云南,西双版纳州,Today,1,0,0,0
618,中国,云南,玉溪,All,12,0,0,1
619,中国,云南,玉溪,Today,1,0,0,1
620,中国,云南,保山市,All,8,0,0,0
621,中国,云南,保山市,Today,0,0,0,0
622,中国,云南,昭通市,All,8,0,0,0
623,中国,云南,昭通市,Today,0,0,0,0
624,中国,云南,丽江市,All,7,0,0,0
625,中国,云南,丽江市,Today,0,0,0,0
626,中国,云南,大理,All,7,0,0,1
627,中国,云南,大理,Today,0,0,0,0
628,中国,云南,曲靖,All,6,0,0,1
629,中国,云南,曲靖,Today,1,0,0,0
630,中国,云南,红河,All,5,0,0,1
631,中国,云南,红河,Today,0,0,0,0
632,中国,云南,德宏州,All,4,0,0,0
633,中国,云南,德宏州,Today,0,0,0,0
634,中国,云南,普洱,All,4,0,0,0
635,中国,云南,普洱,Today,0,0,0,0
636,中国,云南,楚雄州,All,2,0,0,0
637,中国,云南,楚雄州,Today,0,0,0,0
638,中国,云南,临沧,All,1,0,0,0
639,中国,云南,临沧,Today,0,0,0,0
640,中国,辽宁,,All,73,0,0,1
641,中国,辽宁,,Today,3,0,0,0
642,中国,辽宁,沈阳,All,18,0,0,0
643,中国,辽宁,沈阳,Today,1,0,0,0
644,中国,辽宁,大连,All,12,0,0,1
645,中国,辽宁,大连,Today,0,0,0,0
646,中国,辽宁,锦州,All,7,0,0,0
647,中国,辽宁,锦州,Today,0,0,0,0
648,中国,辽宁,丹东,All,6,0,0,0
649,中国,辽宁,丹东,Today,0,0,0,0
650,中国,辽宁,盘锦,All,6,0,0,0
651,中国,辽宁,盘锦,Today,0,0,0,0
652,中国,辽宁,朝阳市,All,6,0,0,0
653,中国,辽宁,朝阳市,Today,0,0,0,0
654,中国,辽宁,葫芦岛,All,5,0,0,0
655,中国,辽宁,葫芦岛,Today,0,0,0,0
656,中国,辽宁,阜新,All,5,0,0,0
657,中国,辽宁,阜新,Today,2,0,0,0
658,中国,辽宁,本溪,All,3,0,0,0
659,中国,辽宁,本溪,Today,0,0,0,0
660,中国,辽宁,铁岭,All,2,0,0,0
661,中国,辽宁,铁岭,Today,0,0,0,0
662,中国,辽宁,辽阳,All,2,0,0,0
663,中国,辽宁,辽阳,Today,0,0,0,0
664,中国,辽宁,营口,All,1,0,0,0
665,中国,辽宁,营口,Today,0,0,0,0
666,中国,辽宁,鞍山,All,0,0,0,0
667,中国,辽宁,鞍山,Today,0,0,0,0
668,中国,海南,,All,70,0,1,4
669,中国,海南,,Today,6,0,0,0
670,中国,海南,三亚,All,17,0,0,4
671,中国,海南,三亚,Today,0,0,0,0
672,中国,海南,海口,All,13,0,1,0
673,中国,海南,海口,Today,2,0,0,0
674,中国,海南,万宁,All,8,0,0,0
675,中国,海南,万宁,Today,0,0,0,0
676,中国,海南,儋州,All,7,0,0,0
677,中国,海南,儋州,Today,1,0,0,0
678,中国,海南,琼海,All,6,0,0,0
679,中国,海南,琼海,Today,0,0,0,0
680,中国,海南,陵水县,All,5,0,0,0
681,中国,海南,陵水县,Today,0,0,0,0
682,中国,海南,临高县,All,4,0,0,0
683,中国,海南,临高县,Today,0,0,0,0
684,中国,海南,昌江县,All,3,0,0,0
685,中国,海南,昌江县,Today,2,0,0,0
686,中国,海南,澄迈县,All,2,0,0,0
687,中国,海南,澄迈县,Today,0,0,0,0
688,中国,海南,琼中县,All,1,0,0,0
689,中国,海南,琼中县,Today,0,0,0,0
690,中国,海南,东方,All,1,0,0,0
691,中国,海南,东方,Today,0,0,0,0
692,中国,海南,定安县,All,1,0,0,0
693,中国,海南,定安县,Today,0,0,0,0
694,中国,海南,乐东,All,1,0,0,0
695,中国,海南,乐东,Today,0,0,0,0
696,中国,海南,文昌,All,1,0,0,0
697,中国,海南,文昌,Today,1,0,0,0
698,中国,海南,地区待确认,All,0,0,0,0
699,中国,海南,地区待确认,Today,0,0,0,0
700,中国,山西,,All,66,0,0,2
701,中国,山西,,Today,10,0,0,0
702,中国,山西,晋中,All,15,0,0,0
703,中国,山西,晋中,Today,2,0,0,0
704,中国,山西,运城,All,13,0,0,1
705,中国,山西,运城,Today,3,0,0,0
706,中国,山西,大同,All,9,0,0,0
707,中国,山西,大同,Today,1,0,0,0
708,中国,山西,太原,All,6,0,0,1
709,中国,山西,太原,Today,0,0,0,0
710,中国,山西,晋城,All,6,0,0,0
711,中国,山西,晋城,Today,3,0,0,0
712,中国,山西,吕梁,All,5,0,0,0
713,中国,山西,吕梁,Today,0,0,0,0
714,中国,山西,长治,All,3,0,0,0
715,中国,山西,长治,Today,0,0,0,0
716,中国,山西,朔州,All,3,0,0,0
717,中国,山西,朔州,Today,0,0,0,0
718,中国,山西,忻州,All,3,0,0,0
719,中国,山西,忻州,Today,0,0,0,0
720,中国,山西,阳泉,All,2,0,0,0
721,中国,山西,阳泉,Today,1,0,0,0
722,中国,山西,临汾,All,1,0,0,0
723,中国,山西,临汾,Today,0,0,0,0
724,中国,天津,,All,56,0,0,1
725,中国,天津,,Today,8,0,0,1
726,中国,天津,河北区,All,9,0,0,0
727,中国,天津,河北区,Today,0,0,0,0
728,中国,天津,河东区,All,9,0,0,0
729,中国,天津,河东区,Today,0,0,0,0
730,中国,天津,宝坻区,All,9,0,0,0
731,中国,天津,宝坻区,Today,4,0,0,0
732,中国,天津,和平区,All,5,0,0,0
733,中国,天津,和平区,Today,1,0,0,0
734,中国,天津,外地来津,All,5,0,0,0
735,中国,天津,外地来津,Today,1,0,0,0
736,中国,天津,宁河区,All,4,0,0,0
737,中国,天津,宁河区,Today,1,0,0,0
738,中国,天津,河西区,All,3,0,0,0
739,中国,天津,河西区,Today,0,0,0,0
740,中国,天津,南开区,All,3,0,0,0
741,中国,天津,南开区,Today,1,0,0,0
742,中国,天津,东丽区,All,3,0,0,0
743,中国,天津,东丽区,Today,0,0,0,0
744,中国,天津,西青区,All,2,0,0,0
745,中国,天津,西青区,Today,0,0,0,0
746,中国,天津,红桥区,All,2,0,0,1
747,中国,天津,红桥区,Today,0,0,0,1
748,中国,天津,滨海新区,All,2,0,0,0
749,中国,天津,滨海新区,Today,0,0,0,0
750,中国,甘肃,,All,51,0,0,3
751,中国,甘肃,,Today,11,0,0,0
752,中国,甘肃,兰州,All,26,0,0,2
753,中国,甘肃,兰州,Today,3,0,0,0
754,中国,甘肃,天水,All,8,0,0,0
755,中国,甘肃,天水,Today,5,0,0,0
756,中国,甘肃,陇南,All,4,0,0,0
757,中国,甘肃,陇南,Today,1,0,0,0
758,中国,甘肃,临夏,All,3,0,0,0
759,中国,甘肃,临夏,Today,1,0,0,0
760,中国,甘肃,定西,All,3,0,0,1
761,中国,甘肃,定西,Today,0,0,0,0
762,中国,甘肃,张掖,All,2,0,0,0
763,中国,甘肃,张掖,Today,0,0,0,0
764,中国,甘肃,白银,All,1,0,0,0
765,中国,甘肃,白银,Today,0,0,0,0
766,中国,甘肃,金昌,All,1,0,0,0
767,中国,甘肃,金昌,Today,0,0,0,0
768,中国,甘肃,平凉,All,1,0,0,0
769,中国,甘肃,平凉,Today,0,0,0,0
770,中国,甘肃,甘南州,All,1,0,0,0
771,中国,甘肃,甘南州,Today,0,0,0,0
772,中国,甘肃,庆阳,All,1,0,0,0
773,中国,甘肃,庆阳,Today,1,0,0,0
774,中国,贵州,,All,46,0,0,2
775,中国,贵州,,Today,8,0,0,0
776,中国,贵州,六盘水,All,9,0,0,0
777,中国,贵州,六盘水,Today,1,0,0,0
778,中国,贵州,遵义,All,8,0,0,0
779,中国,贵州,遵义,Today,3,0,0,0
780,中国,贵州,贵阳,All,7,0,0,1
781,中国,贵州,贵阳,Today,1,0,0,0
782,中国,贵州,铜仁,All,6,0,0,1
783,中国,贵州,铜仁,Today,3,0,0,0
784,中国,贵州,黔南州,All,5,0,0,0
785,中国,贵州,黔南州,Today,0,0,0,0
786,中国,贵州,毕节,All,4,0,0,0
787,中国,贵州,毕节,Today,0,0,0,0
788,中国,贵州,黔东南州,All,4,0,0,0
789,中国,贵州,黔东南州,Today,0,0,0,0
790,中国,贵州,安顺,All,2,0,0,0
791,中国,贵州,安顺,Today,0,0,0,0
792,中国,贵州,黔西南州,All,1,0,0,0
793,中国,贵州,黔西南州,Today,0,0,0,0
794,中国,内蒙古,,All,34,0,0,1
795,中国,内蒙古,,Today,7,0,0,0
796,中国,内蒙古,鄂尔多斯,All,9,0,0,0
797,中国,内蒙古,鄂尔多斯,Today,3,0,0,0
798,中国,内蒙古,包头,All,6,0,0,0
799,中国,内蒙古,包头,Today,1,0,0,0
800,中国,内蒙古,呼和浩特,All,4,0,0,0
801,中国,内蒙古,呼和浩特,Today,2,0,0,0
802,中国,内蒙古,巴彦淖尔,All,3,0,0,0
803,中国,内蒙古,巴彦淖尔,Today,0,0,0,0
804,中国,内蒙古,乌兰察布,All,3,0,0,0
805,中国,内蒙古,乌兰察布,Today,1,0,0,0
806,中国,内蒙古,锡林郭勒,All,2,0,0,0
807,中国,内蒙古,锡林郭勒,Today,0,0,0,0
808,中国,内蒙古,呼伦贝尔,All,2,0,0,1
809,中国,内蒙古,呼伦贝尔,Today,0,0,0,0
810,中国,内蒙古,赤峰,All,2,0,0,0
811,中国,内蒙古,赤峰,Today,0,0,0,0
812,中国,内蒙古,兴安盟乌兰浩特,All,1,0,0,0
813,中国,内蒙古,兴安盟乌兰浩特,Today,0,0,0,0
814,中国,内蒙古,通辽,All,1,0,0,0
815,中国,内蒙古,通辽,Today,0,0,0,0
816,中国,内蒙古,乌海,All,1,0,0,0
817,中国,内蒙古,乌海,Today,0,0,0,0
818,中国,吉林,,All,31,0,0,1
819,中国,吉林,,Today,8,0,0,0
820,中国,吉林,长春,All,17,0,0,1
821,中国,吉林,长春,Today,4,0,0,0
822,中国,吉林,吉林,All,4,0,0,0
823,中国,吉林,吉林,Today,1,0,0,0
824,中国,吉林,四平,All,4,0,0,0
825,中国,吉林,四平,Today,3,0,0,0
826,中国,吉林,松原,All,2,0,0,0
827,中国,吉林,松原,Today,0,0,0,0
828,中国,吉林,延边,All,2,0,0,0
829,中国,吉林,延边,Today,0,0,0,0
830,中国,吉林,公主岭,All,1,0,0,0
831,中国,吉林,公主岭,Today,0,0,0,0
832,中国,吉林,通化,All,1,0,0,0
833,中国,吉林,通化,Today,0,0,0,0
834,中国,宁夏,,All,31,0,0,0
835,中国,宁夏,,Today,3,0,0,0
836,中国,宁夏,银川,All,19,0,0,0
837,中国,宁夏,银川,Today,3,0,0,0
838,中国,宁夏,吴忠,All,7,0,0,0
839,中国,宁夏,吴忠,Today,0,0,0,0
840,中国,宁夏,中卫,All,2,0,0,0
841,中国,宁夏,中卫,Today,0,0,0,0
842,中国,宁夏,固原,All,2,0,0,0
843,中国,宁夏,固原,Today,0,0,0,0
844,中国,宁夏,宁东管委会,All,1,0,0,0
845,中国,宁夏,宁东管委会,Today,0,0,0,0
846,中国,新疆,,All,24,0,0,0
847,中国,新疆,,Today,3,0,0,0
848,中国,新疆,乌鲁木齐,All,10,0,0,0
849,中国,新疆,乌鲁木齐,Today,2,0,0,0
850,中国,新疆,伊犁州,All,6,0,0,0
851,中国,新疆,伊犁州,Today,1,0,0,0
852,中国,新疆,兵团第九师,All,4,0,0,0
853,中国,新疆,兵团第九师,Today,0,0,0,0
854,中国,新疆,吐鲁番,All,1,0,0,0
855,中国,新疆,吐鲁番,Today,0,0,0,0
856,中国,新疆,第七师,All,1,0,0,0
857,中国,新疆,第七师,Today,0,0,0,0
858,中国,新疆,第八师石河子,All,1,0,0,0
859,中国,新疆,第八师石河子,Today,0,0,0,0
860,中国,新疆,阿克苏,All,1,0,0,0
861,中国,新疆,阿克苏,Today,0,0,0,0
862,中国,新疆,地区待确认,All,0,0,0,0
863,中国,新疆,地区待确认,Today,0,0,0,0
864,中国,香港,,All,15,0,0,0
865,中国,香港,,Today,1,0,0,0
866,中国,香港,香港,All,15,0,0,0
867,中国,香港,香港,Today,1,0,0,0
868,中国,青海,,All,13,0,0,0
869,中国,青海,,Today,4,0,0,0
870,中国,青海,西宁,All,12,0,0,0
871,中国,青海,西宁,Today,3,0,0,0
872,中国,青海,海北州,All,1,0,0,0
873,中国,青海,海北州,Today,1,0,0,0
874,中国,台湾,,All,10,0,0,0
875,中国,台湾,,Today,0,0,0,0
876,中国,台湾,地区待确认,All,10,0,0,0
877,中国,台湾,地区待确认,Today,0,0,0,0
878,中国,澳门,,All,8,0,0,0
879,中国,澳门,,Today,0,0,0,0
880,中国,澳门,澳门,All,8,0,0,0
881,中国,澳门,澳门,Today,0,0,0,0
882,中国,西藏,,All,1,0,0,0
883,中国,西藏,,Today,0,0,0,0
884,中国,西藏,地区待确认,All,1,0,0,0
885,中国,西藏,地区待确认,Today,0,0,0,0
886,日本,,,All,20,0,0,1
887,日本,,,Today,0,0,0,0
888,泰国,,,All,19,0,0,7
889,泰国,,,Today,0,0,0,0
890,新加坡,,,All,18,0,0,0
891,新加坡,,,Today,0,0,0,0
892,韩国,,,All,15,0,0,0
893,韩国,,,Today,0,0,0,0
894,澳大利亚,,,All,12,0,0,2
895,澳大利亚,,,Today,0,0,0,0
896,美国,,,All,11,0,0,0
897,美国,,,Today,3,0,0,0
898,德国,,,All,10,0,0,0
899,德国,,,Today,0,0,0,0
900,马来西亚,,,All,8,0,0,0
901,马来西亚,,,Today,0,0,0,0
902,越南,,,All,7,0,0,0
903,越南,,,Today,0,0,0,0
904,法国,,,All,6,0,0,0
905,法国,,,Today,0,0,0,0
906,阿联酋,,,All,5,0,0,0
907,阿联酋,,,Today,0,0,0,0
908,加拿大,,,All,4,0,0,0
909,加拿大,,,Today,0,0,0,0
910,菲律宾,,,All,2,0,1,0
911,菲律宾,,,Today,0,0,0,0
912,印度,,,All,2,0,0,0
913,印度,,,Today,0,0,0,0
914,意大利,,,All,2,0,0,0
915,意大利,,,Today,0,0,0,0
916,英国,,,All,2,0,0,0
917,英国,,,Today,0,0,0,0
918,俄罗斯,,,All,2,0,0,0
919,俄罗斯,,,Today,0,0,0,0
920,尼泊尔,,,All,1,0,0,0
921,尼泊尔,,,Today,0,0,0,0
922,斯里兰卡,,,All,1,0,0,1
923,斯里兰卡,,,Today,0,0,0,0
924,芬兰,,,All,1,0,0,0
925,芬兰,,,Today,0,0,0,0
926,瑞典,,,All,1,0,0,0
927,瑞典,,,Today,0,0,0,0
928,柬埔寨,,,All,1,0,0,0
929,柬埔寨,,,Today,0,0,0,0
